{
    "erie": {
        "train": 0.87452,
        "test": 0.8744
    },
    "huron": {
        "train": 0.87597,
        "test": 0.87814
    },
    "ontario": {
        "train": 0.90616,
        "test": 0.9102
    },
    "superior": {
        "train": 0.91228,
        "test": 0.91632
    },
    "weighted": {
        "train": 0.89102,
        "test": 0.89336
    }
}