{
    "huron": {
        "conductivity": 225.097293156282,
        "hardness": 87206557.3770492,
        "turbidity": 2.61049180327869,
        "chlorophyll": 1948.38242240216,
        "ammonia": 18236.5269461078,
        "nitrate_ite": 770434.958703939,
        "aluminum": 24308.4259259259,
        "barium": 13305.5733558179,
        "calcium": 23797058.287796,
        "carbon": 21433807.4074074,
        "chloride": 7833140.50972502,
        "chromium": 398.153034300792,
        "copper": 868.85784716516,
        "magnesium": 6760701.27504554,
        "manganese": 4104.92524186456,
        "mercury": 18.5027322404372,
        "molybdenum": 418.545454545455,
        "phosphorus": 17618.1738495252,
        "potassium": 944708.561020036,
        "silicon": 696651.155060661,
        "sodium": 4792650.27322404,
        "strontium": 89001.1044520548,
        "sulphate": 15052185.7923497,
        "vanadium": 294.880425155004,
        "zinc": 1338.69918699187
    },
    "ontario": {
        "conductivity": 316.95732364028,
        "hardness": 121135470.0,
        "turbidity": 1.74730248306998,
        "chlorophyll": 3329.14894091416,
        "ammonia": 28588.0946260744,
        "nitrate_ite": 445262.493220733,
        "aluminum": 10559.5,
        "barium": 22308.4297520661,
        "calcium": 34487358.9164786,
        "carbon": 24775522.3467552,
        "chloride": 23378660.8948944,
        "chromium": 684.338624338624,
        "copper": 2558.96341463415,
        "magnesium": 8512167.04288939,
        "manganese": 8064.0171858217,
        "mercury": 20.2821670428894,
        "molybdenum": 1320.51282051282,
        "phosphorus": 20482.2083113357,
        "potassium": 1735489.84198646,
        "silicon": 450320.795573021,
        "sodium": 15717494.3566591,
        "strontium": 173358.89468196,
        "sulphate": 25393679.4582393,
        "vanadium": 376.006322444679,
        "zinc": 1788.59405940594
    },
    "erie": {
        "conductivity": 278.897173782321,
        "hardness": 120633557.04698,
        "turbidity": 5.57264830508474,
        "chlorophyll": 2989.91421792298,
        "ammonia": 26564.1072572527,
        "nitrate_ite": 501753.314725925,
        "aluminum": 45307.1290944123,
        "barium": 19481.9765166341,
        "calcium": 33465889.8305085,
        "carbon": 23876561.6561656,
        "chloride": 16011789.1493137,
        "chromium": 508.349514563107,
        "copper": 1685.98484848485,
        "magnesium": 9049618.6440678,
        "manganese": 5966.19718309859,
        "mercury": 21.6949152542373,
        "molybdenum": 1029.26315789474,
        "phosphorus": 38295.1715917142,
        "potassium": 1461226.69491525,
        "silicon": 432641.414602943,
        "sodium": 9936207.62711864,
        "strontium": 155875.338491296,
        "sulphate": 23183262.7118644,
        "vanadium": 404.626556016598,
        "zinc": 1701.10905730129
    },
    "superior": {
        "conductivity": 100.836338797814,
        "hardness": 47875132.2751323,
        "turbidity": 1.49629629629629,
        "chlorophyll": 1042.37200368777,
        "ammonia": 10740.0448681997,
        "nitrate_ite": 399128.596893303,
        "aluminum": 21667.0560747664,
        "barium": 9735.1637279597,
        "calcium": 14221428.5714286,
        "carbon": 11823529.4117647,
        "chloride": 1805013.93534002,
        "chromium": 310.918114143921,
        "copper": 1397.20930232558,
        "magnesium": 3012592.59259259,
        "manganese": 2841.98473282443,
        "mercury": 20.3439153439153,
        "molybdenum": 111.111111111111,
        "phosphorus": 6304.17310664606,
        "potassium": 550044.973544974,
        "silicon": 1113585.83631855,
        "sodium": 1709021.16402116,
        "strontium": 22811.0824742268,
        "sulphate": 3297619.04761905,
        "vanadium": 294.219948849105,
        "zinc": 2112.12814645309
    },
    "total": {
        "conductivity": 263.099276941363,
        "hardness": 97934790.4663581,
        "turbidity": 2.68536344389555,
        "chlorophyll": 2753.35819318351,
        "ammonia": 24097.1108211446,
        "nitrate_ite": 517926.215529225,
        "aluminum": 23199.8158319871,
        "barium": 16719.5035924233,
        "calcium": 27472325.3352152,
        "carbon": 22429307.0286311,
        "chloride": 15744952.7896996,
        "chromium": 495.5,
        "copper": 1603.80500158278,
        "magnesium": 7189558.92731122,
        "manganese": 5495.94320486815,
        "mercury": 19.8362738179252,
        "molybdenum": 763.438596491228,
        "phosphorus": 24247.613983081,
        "potassium": 1225317.57233592,
        "silicon": 562115.009982455,
        "sodium": 8653468.59562456,
        "strontium": 118615.672823219,
        "sulphate": 18071665.4904728,
        "vanadium": 338.807184005422,
        "zinc": 1645.86078309509
    }
}